,User_Id,Place_Id,Click_Timestamp,Source
0,1,358,2025-02-24 14:46:29,recommendations
1,1,385,2025-02-23 23:23:29,recommendations
2,1,365,2024-11-14 12:33:29,search
3,2,121,2025-02-23 20:38:29,homepage
4,2,118,2024-10-17 14:39:29,recommendations
5,2,250,2025-03-29 23:24:29,recommendations
6,3,303,2025-04-06 03:39:29,external_ad
7,3,25,2025-03-01 19:51:29,recommendations
8,3,384,2024-11-27 21:41:29,search
9,3,269,2024-10-17 19:39:29,external_ad
10,3,353,2025-04-10 07:38:29,recommendations
11,4,402,2024-11-27 13:57:29,homepage
12,4,252,2024-11-05 10:44:29,search
13,4,139,2025-01-11 08:49:29,recommendations
14,4,334,2024-12-02 06:42:30,search
15,4,416,2025-01-16 20:56:30,external_ad
16,4,84,2025-02-07 11:13:30,recommendations
17,5,288,2024-11-13 20:06:30,external_ad
18,5,283,2025-01-28 10:33:30,external_ad
19,5,4,2025-04-09 04:14:30,homepage
20,5,160,2025-03-26 13:02:30,homepage
21,6,105,2024-12-23 17:14:30,recommendations
22,6,114,2025-02-21 03:55:30,recommendations
23,6,246,2025-01-05 02:13:30,homepage
24,6,231,2025-01-30 05:13:30,homepage
25,7,271,2025-01-04 19:38:30,homepage
26,7,288,2024-11-09 19:42:30,homepage
27,7,428,2024-11-30 14:36:30,recommendations
28,7,208,2025-03-14 14:02:30,recommendations
29,8,305,2025-01-07 20:53:30,homepage
30,8,225,2025-01-06 12:25:30,external_ad
31,8,213,2024-12-20 05:32:30,homepage
32,8,231,2024-10-21 11:22:30,recommendations
33,8,284,2025-03-11 23:16:30,recommendations
34,8,304,2025-03-09 15:26:30,search
35,9,421,2025-02-26 04:54:30,homepage
36,9,405,2024-11-29 06:31:30,recommendations
37,9,424,2025-03-17 16:54:30,search
38,9,397,2024-12-29 19:58:30,recommendations
39,9,404,2024-12-30 07:10:30,external_ad
40,9,423,2024-12-02 10:37:30,recommendations
41,9,433,2025-02-22 02:46:30,homepage
42,10,70,2024-12-03 16:13:30,external_ad
43,10,351,2024-11-03 10:55:30,homepage
44,10,309,2024-10-22 02:22:30,search
45,10,426,2025-04-04 18:29:30,recommendations
46,10,322,2025-03-06 04:52:30,recommendations
47,10,227,2025-04-09 16:59:30,homepage
48,10,233,2024-11-03 19:01:30,homepage
49,10,98,2024-12-26 12:15:30,recommendations
50,10,409,2024-12-21 17:13:30,homepage
51,11,146,2025-01-15 03:04:30,homepage
52,11,113,2024-10-21 21:24:30,external_ad
53,12,387,2025-02-09 11:40:30,homepage
54,12,316,2025-01-27 02:58:30,recommendations
55,12,257,2025-03-16 00:40:30,search
56,12,104,2024-10-25 11:57:30,homepage
57,13,248,2024-12-30 15:51:30,search
58,13,164,2024-10-31 19:00:30,recommendations
59,13,179,2024-12-04 07:20:30,external_ad
60,13,215,2025-01-15 06:15:30,recommendations
61,14,220,2025-03-14 15:12:30,search
62,14,296,2024-12-16 17:34:30,homepage
63,14,158,2024-11-05 09:29:30,recommendations
64,14,188,2025-01-31 19:35:30,search
65,15,306,2025-04-08 23:09:30,homepage
66,15,236,2024-12-19 15:40:30,recommendations
67,15,430,2025-02-20 10:50:30,homepage
68,15,223,2025-02-11 17:19:30,search
69,15,147,2024-12-01 02:23:30,recommendations
70,15,436,2025-03-24 16:45:30,recommendations
71,15,396,2025-02-13 13:34:30,homepage
72,15,90,2024-11-18 08:47:30,recommendations
73,16,90,2024-12-27 18:41:30,external_ad
74,16,258,2025-01-24 16:41:30,search
75,16,50,2024-12-18 16:12:30,recommendations
76,16,313,2025-02-21 22:20:30,homepage
77,16,437,2025-02-28 15:13:30,recommendations
78,16,97,2025-01-01 11:14:30,recommendations
79,16,160,2024-10-24 05:57:30,recommendations
80,16,84,2024-12-31 01:24:30,homepage
81,16,81,2024-11-25 03:53:30,external_ad
82,17,391,2025-04-09 18:14:30,external_ad
83,17,413,2024-11-24 11:39:30,homepage
84,17,285,2025-03-17 17:16:30,external_ad
85,17,403,2024-12-24 17:34:30,homepage
86,18,106,2024-10-18 02:18:30,external_ad
87,18,183,2025-01-29 01:21:30,external_ad
88,18,146,2024-11-24 02:59:30,homepage
89,18,160,2025-01-23 19:54:30,external_ad
90,19,2,2024-11-29 00:10:30,homepage
91,19,206,2024-12-28 08:56:30,recommendations
92,19,40,2025-02-03 23:15:30,search
93,20,218,2025-04-08 05:34:30,recommendations
94,20,111,2025-02-25 17:20:30,external_ad
95,20,285,2024-11-02 10:00:30,homepage
96,20,23,2025-02-28 17:13:30,recommendations
97,20,410,2024-10-31 14:21:30,recommendations
98,20,290,2024-10-19 06:09:30,homepage
99,20,292,2025-03-11 16:54:30,external_ad
100,21,367,2025-02-22 00:02:30,homepage
101,21,388,2025-03-08 14:21:30,homepage
102,21,342,2024-12-08 16:32:30,recommendations
103,21,338,2024-10-18 23:31:30,recommendations
104,21,387,2024-12-08 01:50:30,external_ad
105,21,378,2025-01-03 04:06:30,recommendations
106,21,364,2024-11-28 17:30:30,homepage
107,21,352,2024-10-31 05:14:30,recommendations
108,22,196,2025-01-15 21:28:30,homepage
109,22,292,2025-03-17 16:51:30,recommendations
110,22,140,2025-03-02 18:28:30,recommendations
111,22,246,2025-03-01 21:24:30,homepage
112,22,386,2025-02-06 21:02:30,external_ad
113,22,338,2024-11-25 01:38:30,search
114,23,27,2024-12-28 11:48:30,external_ad
115,23,175,2025-01-11 04:01:30,homepage
116,23,145,2025-04-06 15:59:30,homepage
117,23,85,2025-01-14 17:28:30,recommendations
118,23,385,2024-12-31 02:06:30,search
119,23,226,2025-02-07 09:49:30,recommendations
120,24,424,2025-02-24 09:11:30,external_ad
121,24,384,2024-11-25 17:21:30,search
122,24,305,2025-01-04 10:33:30,recommendations
123,24,41,2025-03-19 07:14:30,recommendations
124,24,230,2024-11-26 01:53:30,recommendations
125,24,427,2025-03-22 06:46:30,homepage
126,24,220,2025-02-16 08:56:30,external_ad
127,24,63,2024-10-22 01:42:30,recommendations
128,24,416,2024-11-25 02:11:30,search
129,24,323,2024-10-26 05:07:30,homepage
130,25,165,2025-03-23 03:43:30,external_ad
131,25,261,2025-03-20 06:59:30,homepage
132,25,240,2025-03-27 05:57:30,external_ad
133,25,298,2024-10-23 00:09:30,recommendations
134,25,62,2024-12-04 02:07:30,homepage
135,25,72,2024-12-27 03:52:30,recommendations
136,25,232,2024-11-11 04:19:30,recommendations
137,25,423,2025-02-17 00:59:30,recommendations
138,25,430,2025-03-04 22:33:30,homepage
139,26,179,2024-11-02 16:17:30,homepage
140,26,328,2025-01-01 16:06:30,homepage
141,26,116,2025-02-24 03:44:30,homepage
142,26,317,2024-12-22 01:10:30,homepage
143,26,284,2024-10-16 03:15:30,recommendations
144,26,370,2025-03-15 22:35:30,external_ad
145,26,240,2025-03-19 02:46:30,homepage
146,26,37,2024-10-28 09:45:30,recommendations
147,27,201,2025-02-07 00:32:30,recommendations
148,27,154,2025-02-04 09:34:30,external_ad
149,27,269,2025-01-25 13:25:30,search
150,27,353,2025-04-09 17:36:30,external_ad
151,27,321,2024-11-01 17:10:30,homepage
152,27,371,2024-10-24 16:12:30,recommendations
153,28,340,2024-10-25 21:01:30,homepage
154,28,202,2025-01-03 15:26:30,search
155,28,367,2024-11-15 17:32:30,recommendations
156,28,377,2025-03-21 10:38:30,recommendations
157,28,228,2025-02-16 10:57:30,external_ad
158,28,9,2024-11-03 23:15:30,homepage
159,28,66,2025-01-04 17:54:30,homepage
160,28,302,2025-03-01 09:45:30,recommendations
161,29,207,2025-03-16 18:16:30,recommendations
162,29,88,2024-11-05 17:13:30,search
163,29,270,2024-10-31 11:10:30,external_ad
164,29,184,2025-02-08 01:34:30,recommendations
165,29,302,2025-03-17 17:12:30,recommendations
166,30,203,2025-02-16 12:21:30,homepage
167,30,240,2024-12-06 22:27:30,external_ad
168,30,346,2025-03-16 04:40:30,recommendations
169,30,16,2025-01-11 01:57:30,recommendations
170,30,274,2024-12-20 07:03:30,recommendations
171,30,170,2024-10-24 05:37:30,homepage
172,30,198,2025-02-17 20:31:30,homepage
173,31,119,2025-03-27 02:19:30,recommendations
174,31,41,2024-12-24 19:49:30,external_ad
175,31,381,2025-03-20 19:16:30,recommendations
176,31,406,2025-03-30 22:08:30,external_ad
177,31,70,2024-12-01 20:54:30,homepage
178,31,104,2024-11-13 16:14:30,search
179,31,286,2024-11-05 17:12:30,homepage
180,32,223,2025-03-21 23:22:30,recommendations
181,32,244,2024-12-05 07:59:30,external_ad
182,32,136,2024-12-20 02:29:30,recommendations
183,33,210,2025-01-08 01:35:30,recommendations
184,33,94,2025-03-14 20:04:30,recommendations
185,33,34,2024-11-23 12:42:30,recommendations
186,33,209,2024-12-15 09:10:30,external_ad
187,34,384,2025-03-13 07:17:30,recommendations
188,34,16,2025-04-02 05:46:30,homepage
189,34,133,2024-11-18 17:11:30,recommendations
190,35,260,2025-03-03 20:52:30,external_ad
191,35,356,2025-01-10 01:33:30,homepage
192,35,372,2024-12-26 00:07:30,recommendations
193,35,48,2025-01-05 01:33:30,homepage
194,35,84,2025-01-27 21:17:30,external_ad
195,35,293,2025-02-05 06:18:30,homepage
196,35,223,2024-11-01 09:19:30,homepage
197,36,298,2025-03-20 05:49:30,homepage
198,36,216,2025-01-27 06:15:30,recommendations
199,37,95,2025-02-05 13:53:30,external_ad
200,37,368,2024-12-25 16:30:30,recommendations
201,37,338,2025-01-04 07:01:30,homepage
202,37,161,2024-11-29 17:27:30,recommendations
203,38,373,2025-03-03 15:35:30,recommendations
204,38,18,2025-03-30 21:50:30,recommendations
205,38,290,2024-12-20 23:35:30,recommendations
206,38,150,2025-02-23 22:28:30,recommendations
207,39,210,2025-01-24 13:42:30,external_ad
208,39,318,2025-03-11 09:34:30,recommendations
209,39,219,2025-03-05 14:10:30,search
210,39,34,2025-02-16 07:58:30,recommendations
211,39,173,2025-02-08 01:10:30,external_ad
212,39,181,2025-02-26 14:52:30,external_ad
213,39,255,2024-12-24 12:48:30,external_ad
214,39,35,2025-02-16 05:04:30,recommendations
215,39,429,2024-11-30 13:15:30,homepage
216,40,388,2024-12-08 14:26:30,homepage
217,40,377,2025-01-04 06:44:30,recommendations
218,40,351,2025-03-25 07:03:30,recommendations
219,40,341,2025-02-21 10:27:30,recommendations
220,40,360,2024-12-16 20:56:30,external_ad
221,40,380,2025-02-14 19:10:30,search
222,40,335,2024-12-16 02:54:30,homepage
223,40,345,2025-02-13 22:12:30,search
224,41,123,2025-03-24 23:21:30,homepage
225,41,151,2025-04-01 06:04:30,external_ad
226,41,109,2025-01-26 02:51:30,recommendations
227,41,154,2025-03-12 02:39:30,recommendations
228,41,113,2024-10-17 23:14:30,homepage
229,41,86,2024-12-11 01:34:30,external_ad
230,41,104,2025-02-09 15:32:30,recommendations
231,42,170,2025-03-28 12:41:30,external_ad
232,42,95,2024-10-30 08:46:30,external_ad
233,42,378,2025-03-31 20:01:30,external_ad
234,42,327,2025-04-04 07:50:30,recommendations
235,42,374,2025-03-30 21:47:30,recommendations
236,42,200,2025-01-07 05:00:30,recommendations
237,42,349,2025-01-29 07:29:30,recommendations
238,43,70,2024-12-14 12:17:30,recommendations
239,43,352,2024-11-09 08:05:30,external_ad
240,43,74,2024-11-19 07:14:30,recommendations
241,43,292,2024-10-25 06:53:30,homepage
242,43,132,2025-02-14 04:43:30,homepage
243,43,74,2025-01-08 01:19:30,external_ad
244,44,381,2024-12-01 23:05:30,homepage
245,44,351,2024-12-05 18:42:30,recommendations
246,45,330,2024-12-10 22:53:30,recommendations
247,45,253,2024-12-24 03:27:30,homepage
248,45,75,2024-12-08 12:18:30,recommendations
249,46,258,2024-11-30 23:44:30,recommendations
250,46,279,2024-11-08 17:12:30,external_ad
251,46,412,2025-01-20 05:56:30,recommendations
252,46,312,2025-02-16 19:18:30,recommendations
253,46,19,2025-01-03 02:04:30,recommendations
254,46,27,2025-02-13 09:39:30,recommendations
255,47,387,2024-12-20 08:56:30,external_ad
256,47,327,2025-01-23 08:58:30,recommendations
257,47,209,2024-11-28 05:39:30,recommendations
258,47,289,2025-03-17 08:01:30,homepage
259,47,156,2025-01-07 06:17:30,homepage
260,48,59,2025-03-12 01:32:30,homepage
261,48,393,2024-12-18 05:32:30,external_ad
262,48,436,2025-02-16 08:20:30,recommendations
263,48,255,2024-11-30 14:28:30,homepage
264,48,400,2024-12-17 10:24:30,search
265,48,88,2024-12-06 13:31:30,external_ad
266,48,373,2025-03-06 11:33:30,homepage
267,49,399,2025-01-27 09:48:30,homepage
268,49,436,2024-12-17 07:16:30,homepage
269,49,82,2024-12-19 01:19:30,external_ad
270,50,199,2024-10-23 18:23:30,recommendations
271,50,194,2025-03-02 22:17:30,recommendations
272,50,117,2025-04-08 17:52:30,homepage
273,50,234,2024-12-14 00:20:30,search
274,50,37,2025-03-01 16:45:30,recommendations
275,50,93,2024-11-20 11:28:30,homepage
276,50,272,2024-11-28 11:50:30,recommendations
277,51,144,2024-11-02 15:56:30,homepage
278,51,393,2025-04-11 18:56:30,homepage
279,52,384,2025-03-27 21:57:30,homepage
280,52,335,2025-01-06 01:57:30,recommendations
281,53,428,2025-03-06 01:10:30,recommendations
282,53,94,2024-11-13 04:35:30,recommendations
283,53,379,2024-11-10 05:27:30,homepage
284,53,236,2024-11-12 19:51:30,homepage
285,53,211,2025-01-18 02:52:30,recommendations
286,53,229,2025-02-05 16:02:30,external_ad
287,54,428,2024-12-20 02:53:30,external_ad
288,54,305,2025-02-04 15:05:30,external_ad
289,54,333,2025-01-30 22:13:30,external_ad
290,55,131,2024-12-20 04:34:30,recommendations
291,55,109,2024-11-25 02:15:30,recommendations
292,56,329,2024-10-24 14:25:30,recommendations
293,56,233,2025-03-25 21:21:30,recommendations
294,57,400,2024-12-12 01:47:30,homepage
295,57,412,2025-03-07 23:55:30,recommendations
296,57,15,2025-01-27 14:49:30,recommendations
297,57,339,2024-11-05 16:25:30,external_ad
298,57,396,2024-12-14 09:27:30,homepage
299,57,230,2025-02-12 22:19:30,recommendations
300,58,35,2024-11-15 19:00:30,homepage
301,58,124,2024-11-12 01:32:30,search
302,58,116,2024-11-08 22:01:30,homepage
303,59,93,2025-01-11 13:34:30,search
304,59,429,2024-11-14 07:41:30,search
305,59,181,2024-12-02 21:50:30,recommendations
306,59,174,2024-11-29 14:39:30,external_ad
307,59,307,2025-04-04 21:29:30,recommendations
308,59,351,2025-02-20 16:37:30,recommendations
309,59,240,2025-01-09 01:20:30,recommendations
310,59,366,2025-01-30 20:38:30,external_ad
311,60,415,2024-12-02 15:47:30,recommendations
312,60,412,2024-12-28 19:06:30,recommendations
313,60,429,2024-10-27 01:26:30,recommendations
314,60,427,2025-04-04 18:43:30,recommendations
315,60,408,2025-01-17 20:47:30,recommendations
316,61,418,2025-02-27 12:44:30,recommendations
317,61,390,2024-11-09 01:47:30,external_ad
318,61,384,2025-03-21 02:37:30,recommendations
319,62,41,2024-11-03 05:09:30,homepage
320,62,157,2025-02-02 08:59:30,external_ad
321,62,239,2025-03-31 18:33:30,homepage
322,62,200,2024-12-11 04:12:30,homepage
323,62,113,2024-10-21 13:07:30,recommendations
324,62,214,2025-02-21 20:15:30,homepage
325,62,30,2025-01-20 09:53:30,external_ad
326,62,99,2025-01-04 16:22:30,homepage
327,63,372,2025-03-04 04:54:30,homepage
328,63,355,2025-04-01 14:23:30,search
329,63,346,2025-02-16 08:20:30,search
330,63,383,2025-01-11 14:56:30,recommendations
331,64,279,2024-12-26 01:14:30,homepage
332,64,223,2024-10-18 11:15:30,homepage
333,64,323,2025-03-03 01:19:30,homepage
334,64,293,2025-02-08 05:38:30,external_ad
335,64,253,2025-03-02 06:40:30,search
336,64,259,2025-01-31 06:02:30,homepage
337,65,107,2024-10-17 14:45:30,homepage
338,65,98,2024-10-22 23:18:30,recommendations
339,65,140,2024-10-17 05:46:30,external_ad
340,65,196,2024-12-12 21:15:30,external_ad
341,65,147,2024-12-29 15:03:30,recommendations
342,65,197,2024-11-20 15:54:30,homepage
343,65,142,2025-03-06 07:57:30,recommendations
344,65,138,2024-10-29 14:39:30,external_ad
345,66,272,2025-02-08 01:40:30,external_ad
346,66,329,2024-11-04 10:04:30,homepage
347,66,164,2024-11-14 07:42:30,homepage
348,66,425,2024-12-22 00:26:30,external_ad
349,66,421,2024-10-28 09:03:30,external_ad
350,66,166,2024-11-30 16:34:30,recommendations
351,66,213,2025-02-23 13:20:30,homepage
352,66,195,2024-12-07 14:34:30,recommendations
353,66,85,2024-11-29 09:50:30,homepage
354,67,228,2025-02-06 16:06:30,homepage
355,67,82,2025-04-06 17:46:30,recommendations
356,67,35,2024-10-17 15:47:30,external_ad
357,68,260,2025-03-21 06:10:30,homepage
358,68,93,2025-01-19 10:44:30,recommendations
359,68,427,2024-11-06 18:06:30,search
360,68,298,2025-04-10 07:31:30,external_ad
361,68,423,2024-10-30 03:31:30,external_ad
362,68,303,2025-03-24 01:49:30,external_ad
363,68,410,2025-03-16 03:55:30,recommendations
364,68,381,2025-02-12 00:25:30,recommendations
365,69,18,2025-02-14 23:56:30,homepage
366,69,389,2025-02-28 19:32:30,recommendations
367,69,338,2025-04-06 01:39:30,search
368,69,263,2025-01-18 08:19:30,recommendations
369,70,266,2024-12-20 18:51:30,recommendations
370,70,143,2025-02-16 10:01:30,homepage
371,70,188,2024-12-24 10:09:30,homepage
372,71,111,2024-12-30 23:03:30,homepage
373,71,236,2024-12-29 20:32:30,search
374,71,437,2025-01-17 14:55:30,recommendations
375,71,198,2024-11-17 21:40:30,search
376,71,39,2025-01-29 05:00:30,external_ad
377,71,23,2025-01-24 14:10:30,external_ad
378,71,107,2025-01-04 11:13:30,recommendations
379,71,196,2024-11-11 22:41:30,recommendations
380,72,154,2024-10-16 10:53:30,recommendations
381,72,100,2024-11-11 22:45:30,external_ad
382,72,234,2025-02-19 21:14:30,recommendations
383,73,435,2024-12-23 07:24:30,homepage
384,73,15,2025-03-23 20:30:30,recommendations
385,73,2,2025-03-01 20:24:30,external_ad
386,73,245,2025-01-09 22:01:30,recommendations
387,74,346,2025-01-19 21:27:30,search
388,74,366,2025-03-29 18:41:30,external_ad
389,74,377,2024-10-28 01:39:30,external_ad
390,74,367,2025-01-31 00:25:30,search
391,74,387,2024-12-04 02:51:30,homepage
392,75,423,2025-02-22 02:35:30,recommendations
393,75,253,2025-01-04 16:30:30,homepage
394,75,49,2024-11-11 11:05:30,recommendations
395,75,34,2024-12-17 23:15:30,recommendations
396,75,247,2024-11-02 06:36:30,homepage
397,75,141,2025-02-07 00:37:30,recommendations
398,76,86,2024-12-30 23:52:30,external_ad
399,76,408,2024-12-09 13:36:30,recommendations
400,76,116,2025-02-17 00:50:30,homepage
401,76,83,2024-12-28 17:35:30,recommendations
402,76,413,2025-02-09 12:50:30,recommendations
403,76,49,2025-04-09 07:38:30,search
404,76,219,2024-10-31 07:47:30,recommendations
405,76,319,2025-02-19 15:31:30,recommendations
406,77,103,2024-11-06 19:15:30,external_ad
407,77,255,2025-02-01 16:20:30,recommendations
408,77,302,2025-02-23 07:38:30,external_ad
409,77,127,2024-11-27 22:04:30,homepage
410,77,167,2025-01-12 18:30:30,external_ad
411,77,187,2025-03-09 02:18:30,homepage
412,77,299,2024-10-22 13:55:30,external_ad
413,78,125,2025-01-16 13:06:30,external_ad
414,78,421,2025-01-21 21:17:30,homepage
415,78,227,2024-12-02 12:59:30,homepage
416,78,83,2025-02-28 01:49:30,search
417,78,325,2025-03-08 13:12:30,homepage
418,78,278,2025-03-04 11:57:30,homepage
419,78,207,2024-12-18 13:38:30,recommendations
420,79,279,2024-12-30 16:36:30,homepage
421,79,166,2024-10-28 00:10:30,external_ad
422,79,402,2025-03-25 16:27:30,external_ad
423,79,268,2025-02-11 00:09:30,recommendations
424,79,130,2024-12-26 17:47:30,recommendations
425,79,82,2025-01-14 11:49:30,recommendations
426,80,4,2025-01-19 04:16:30,homepage
427,80,335,2024-12-23 08:00:30,homepage
428,80,274,2024-10-20 19:03:30,external_ad
429,81,285,2025-04-01 23:31:30,homepage
430,81,256,2024-11-03 02:26:30,recommendations
431,81,292,2025-03-17 02:05:30,recommendations
432,81,243,2025-02-16 17:18:30,external_ad
433,81,236,2024-12-30 09:24:30,recommendations
434,81,270,2024-11-05 08:20:30,recommendations
435,81,253,2024-11-12 11:56:30,external_ad
436,81,264,2025-01-30 23:52:30,external_ad
437,82,420,2024-11-29 05:21:30,homepage
438,82,421,2025-01-13 07:54:30,search
439,82,399,2025-01-10 15:39:30,homepage
440,82,420,2025-02-06 23:10:30,homepage
441,82,415,2025-03-02 18:19:30,homepage
442,82,431,2025-02-03 02:17:30,recommendations
443,82,434,2024-12-24 02:40:30,external_ad
444,83,315,2024-11-28 07:48:30,search
445,83,303,2025-04-11 09:29:30,recommendations
446,83,412,2024-10-21 11:46:30,homepage
447,83,371,2025-03-13 00:39:30,external_ad
448,83,70,2024-10-27 15:17:30,homepage
449,83,60,2024-12-18 11:07:30,search
450,83,193,2025-03-06 16:47:30,homepage
451,84,121,2025-01-23 12:54:30,recommendations
452,84,111,2025-02-24 07:32:30,recommendations
453,84,137,2025-01-04 21:22:30,external_ad
454,84,147,2024-12-20 12:26:30,external_ad
455,84,109,2025-03-09 18:33:30,recommendations
456,84,178,2025-03-11 02:40:30,homepage
457,84,112,2024-10-16 16:50:30,homepage
458,84,175,2024-12-08 09:11:30,recommendations
459,85,109,2024-11-15 00:51:30,homepage
460,85,302,2024-11-24 06:50:30,homepage
461,85,206,2025-03-13 21:41:30,external_ad
462,85,90,2025-02-06 20:21:30,homepage
463,86,288,2025-01-21 03:20:30,external_ad
464,86,267,2025-02-18 04:46:30,homepage
465,86,253,2025-02-20 01:28:30,homepage
466,86,279,2025-03-23 14:41:30,homepage
467,86,245,2024-12-01 22:21:30,recommendations
468,86,364,2025-04-12 08:22:30,homepage
469,87,23,2025-02-12 17:03:30,external_ad
470,87,64,2025-03-15 03:33:30,search
471,87,98,2024-11-29 06:26:30,external_ad
472,87,39,2024-12-24 08:40:30,search
473,87,35,2025-01-01 16:10:30,recommendations
474,87,411,2025-03-20 04:52:30,search
475,88,283,2025-02-05 20:11:30,homepage
476,88,436,2024-11-19 10:14:30,recommendations
477,88,380,2024-11-09 04:18:30,homepage
478,88,237,2024-11-14 02:57:30,recommendations
479,89,311,2024-12-23 14:27:30,external_ad
480,89,434,2025-01-01 11:45:30,homepage
481,89,155,2025-02-09 13:11:30,recommendations
482,89,286,2024-12-22 17:34:30,search
483,89,351,2025-01-16 13:25:30,recommendations
484,89,197,2024-12-31 17:31:30,search
485,89,417,2024-12-30 04:48:30,homepage
486,90,341,2024-12-24 18:50:30,recommendations
487,90,350,2025-03-21 04:53:30,homepage
488,90,386,2024-10-31 04:56:30,recommendations
489,90,391,2024-10-17 06:49:30,external_ad
490,91,262,2025-01-03 15:03:30,recommendations
491,91,70,2025-03-09 01:03:30,recommendations
492,91,155,2024-10-29 07:52:30,external_ad
493,91,296,2025-01-05 02:25:30,recommendations
494,91,163,2025-01-10 08:29:30,recommendations
495,91,187,2025-02-08 08:02:30,homepage
496,92,100,2025-03-16 22:08:30,recommendations
497,92,270,2025-01-05 14:11:30,homepage
498,92,68,2024-11-25 17:04:30,recommendations
499,92,264,2025-03-20 02:05:30,homepage
500,92,95,2024-11-16 11:05:30,recommendations
501,92,81,2025-03-19 00:07:30,recommendations
502,92,364,2025-04-11 04:44:30,recommendations
503,93,342,2024-12-15 00:32:30,recommendations
504,93,359,2025-03-15 12:45:30,external_ad
505,93,167,2024-12-27 10:27:30,recommendations
506,93,247,2024-12-12 13:50:30,homepage
507,93,178,2025-04-03 13:07:30,search
508,94,337,2025-04-01 09:55:30,external_ad
509,94,341,2025-02-09 02:01:30,external_ad
510,94,390,2025-01-08 15:11:30,search
511,94,364,2025-03-09 18:28:30,recommendations
512,94,342,2024-11-28 09:28:30,recommendations
513,95,102,2024-12-17 15:14:30,recommendations
514,95,140,2024-12-24 08:43:30,homepage
515,95,127,2025-01-06 20:59:30,recommendations
516,96,267,2024-10-30 23:41:30,recommendations
517,96,417,2025-01-30 06:17:30,homepage
518,96,22,2024-12-23 04:20:30,external_ad
519,97,302,2024-11-06 06:37:30,recommendations
520,97,205,2025-04-10 03:10:30,homepage
521,97,103,2024-11-12 22:36:30,recommendations
522,97,33,2025-03-01 10:37:30,search
523,97,308,2024-11-12 11:40:30,recommendations
524,97,415,2024-11-03 03:58:30,recommendations
525,98,47,2025-03-18 20:44:30,recommendations
526,98,336,2024-10-18 13:41:30,homepage
527,98,164,2024-11-19 21:47:30,homepage
528,98,230,2024-12-04 07:01:30,recommendations
529,98,310,2025-02-10 19:54:30,homepage
530,98,306,2024-10-29 13:19:30,homepage
531,98,82,2025-02-14 05:01:30,external_ad
532,99,192,2024-11-25 02:06:30,search
533,99,352,2024-11-28 13:26:30,external_ad
534,99,189,2025-02-04 14:18:30,external_ad
535,99,347,2024-12-16 14:59:30,homepage
536,99,381,2025-02-28 21:43:30,homepage
537,100,231,2025-04-12 03:19:30,external_ad
538,100,389,2024-12-13 03:21:30,recommendations
539,100,413,2024-11-29 11:02:30,recommendations
540,100,425,2024-11-11 18:53:30,recommendations
541,101,103,2024-12-26 13:04:30,external_ad
542,101,68,2024-12-02 06:05:30,homepage
543,101,25,2024-12-01 00:35:30,recommendations
544,101,140,2025-02-08 20:58:30,external_ad
545,102,122,2025-03-24 15:24:30,search
546,102,219,2025-03-19 13:35:30,external_ad
547,103,302,2025-01-06 16:28:30,homepage
548,103,308,2024-11-27 07:18:30,homepage
549,103,100,2024-10-27 19:21:30,external_ad
550,103,147,2025-01-20 14:51:30,recommendations
551,103,269,2024-11-23 02:01:30,recommendations
552,103,192,2025-04-01 03:35:30,homepage
553,103,10,2025-03-21 16:54:30,homepage
554,103,214,2025-02-18 03:20:30,recommendations
555,103,69,2024-10-16 01:49:30,recommendations
556,104,112,2024-11-17 07:20:30,recommendations
557,104,318,2025-01-26 20:07:30,homepage
558,104,421,2025-03-28 19:12:30,recommendations
559,104,432,2025-01-08 11:30:30,recommendations
560,104,115,2024-12-25 16:13:30,external_ad
561,104,90,2024-11-06 06:31:30,recommendations
562,104,393,2025-04-07 08:49:30,recommendations
563,104,308,2024-12-06 00:01:30,search
564,105,149,2024-10-21 22:05:30,external_ad
565,105,126,2025-01-11 16:22:30,recommendations
566,105,20,2025-03-26 12:37:30,recommendations
567,105,305,2025-01-28 04:12:30,recommendations
568,105,345,2025-02-22 01:37:30,recommendations
569,105,85,2025-02-12 19:38:30,recommendations
570,105,34,2024-10-23 11:16:30,external_ad
571,105,43,2025-03-11 10:23:30,recommendations
572,105,9,2025-03-12 20:59:30,search
573,105,194,2025-01-11 13:10:30,external_ad
574,106,374,2025-01-12 15:58:30,external_ad
575,106,181,2024-10-18 13:11:30,recommendations
576,106,183,2024-11-14 05:57:30,external_ad
577,106,397,2024-12-17 03:15:30,search
578,106,304,2024-12-22 03:18:30,recommendations
579,106,353,2024-11-25 23:24:30,recommendations
580,106,82,2024-11-16 02:14:30,external_ad
581,107,395,2025-03-09 08:21:30,recommendations
582,107,57,2024-12-07 21:59:30,external_ad
583,107,165,2025-02-21 16:29:30,homepage
584,107,231,2025-03-28 07:10:30,external_ad
585,107,54,2025-01-17 03:01:30,recommendations
586,107,263,2025-03-26 01:38:30,recommendations
587,108,250,2024-11-03 18:01:30,recommendations
588,108,296,2024-11-18 04:18:30,recommendations
589,108,436,2025-04-12 21:17:30,recommendations
590,108,195,2025-02-06 16:56:30,recommendations
591,108,123,2024-11-30 13:00:30,homepage
592,109,212,2024-12-13 19:52:30,external_ad
593,109,53,2024-12-01 22:37:30,homepage
594,109,429,2025-03-31 09:03:30,recommendations
595,109,240,2025-03-14 00:08:30,recommendations
596,109,207,2025-01-08 11:26:30,homepage
597,110,305,2024-12-03 06:10:30,search
598,110,204,2024-12-21 17:21:30,external_ad
599,110,423,2024-12-15 17:31:30,recommendations
600,110,406,2025-03-09 00:33:30,recommendations
601,110,201,2025-03-02 04:28:30,homepage
602,110,133,2025-03-16 13:02:30,homepage
603,110,316,2025-01-12 16:48:30,recommendations
604,111,202,2024-12-26 11:51:30,external_ad
605,111,6,2024-12-22 00:12:30,external_ad
606,111,351,2024-12-19 19:53:30,external_ad
607,111,135,2024-11-12 07:01:30,recommendations
608,112,315,2025-04-01 00:30:30,homepage
609,112,248,2025-03-07 23:03:31,homepage
610,112,255,2025-01-18 15:15:31,recommendations
611,112,245,2025-01-19 18:34:31,recommendations
612,113,158,2025-01-07 21:09:31,external_ad
613,113,298,2025-04-03 06:16:31,homepage
614,113,324,2025-03-16 12:43:31,homepage
615,113,233,2024-12-20 01:56:31,recommendations
616,113,305,2024-12-28 23:56:31,recommendations
617,113,114,2025-01-16 16:49:31,recommendations
618,113,21,2024-12-03 23:20:31,homepage
619,114,97,2025-03-12 05:32:31,external_ad
620,114,164,2024-11-02 10:18:31,homepage
621,114,123,2025-02-12 15:13:31,recommendations
622,114,149,2025-03-02 18:03:31,recommendations
623,114,186,2024-10-21 17:16:31,homepage
624,114,94,2025-02-25 04:44:31,search
625,115,351,2025-01-31 02:24:31,homepage
626,115,233,2025-02-10 10:30:31,homepage
627,115,115,2024-12-05 20:31:31,recommendations
628,115,178,2024-12-05 02:08:31,external_ad
629,115,418,2025-03-15 06:00:31,recommendations
630,115,293,2024-11-05 07:17:31,homepage
631,115,62,2025-02-18 03:14:31,recommendations
632,116,286,2024-12-29 06:07:31,recommendations
633,116,28,2024-12-22 17:29:31,external_ad
634,116,289,2024-11-09 04:23:31,recommendations
635,116,392,2025-01-02 11:43:31,recommendations
636,117,419,2025-03-24 19:39:31,recommendations
637,117,199,2025-04-09 18:42:31,external_ad
638,117,274,2025-03-22 04:47:31,search
639,117,69,2025-01-05 02:39:31,homepage
640,117,411,2024-11-25 09:11:31,recommendations
641,117,145,2025-04-09 01:19:31,external_ad
642,118,411,2025-01-22 22:36:31,recommendations
643,118,27,2025-01-06 13:53:31,external_ad
644,118,240,2024-12-31 23:17:31,recommendations
645,118,24,2024-12-20 13:15:31,recommendations
646,118,179,2025-01-17 06:30:31,recommendations
647,118,188,2024-12-30 01:36:31,homepage
648,118,21,2025-02-21 14:45:31,external_ad
649,118,176,2024-11-04 03:30:31,external_ad
650,118,226,2025-01-14 08:42:31,recommendations
651,119,339,2024-11-05 03:42:31,recommendations
652,119,82,2025-03-08 12:14:31,recommendations
653,119,39,2024-11-22 17:41:31,recommendations
654,119,401,2025-01-13 20:25:31,homepage
655,120,15,2025-02-28 04:17:31,external_ad
656,120,355,2025-01-12 15:04:31,external_ad
657,120,369,2025-02-27 22:58:31,recommendations
658,121,270,2024-10-17 09:44:31,homepage
659,121,107,2024-11-22 14:04:31,recommendations
660,121,381,2024-11-07 00:23:31,external_ad
661,121,222,2025-01-17 13:24:31,homepage
662,121,24,2024-10-27 04:34:31,external_ad
663,121,127,2025-02-27 06:29:31,external_ad
664,121,107,2024-10-17 04:00:31,recommendations
665,121,169,2024-12-12 19:17:31,homepage
666,121,191,2025-01-15 17:05:31,search
667,122,30,2024-12-21 11:56:31,recommendations
668,122,338,2024-12-26 14:45:31,recommendations
669,122,18,2024-12-23 05:48:31,external_ad
670,122,323,2024-12-05 02:27:31,recommendations
671,122,428,2024-12-29 21:39:31,external_ad
672,122,362,2025-04-10 02:29:31,external_ad
673,123,352,2024-11-05 08:28:31,recommendations
674,123,315,2024-12-10 08:18:31,homepage
675,123,410,2024-12-15 01:53:31,homepage
676,124,171,2025-02-23 20:07:31,external_ad
677,124,157,2024-11-01 16:48:31,recommendations
678,124,372,2025-01-10 17:58:31,external_ad
679,124,434,2025-01-09 12:57:31,homepage
680,124,274,2024-12-19 11:24:31,recommendations
681,124,321,2024-10-22 22:19:31,homepage
682,124,95,2025-01-15 22:42:31,external_ad
683,124,58,2025-01-25 15:22:31,recommendations
684,125,149,2024-12-19 02:24:31,search
685,125,7,2025-01-27 07:10:31,external_ad
686,125,7,2025-04-11 13:08:31,external_ad
687,125,161,2025-01-22 12:10:31,external_ad
688,125,299,2024-12-16 16:08:31,recommendations
689,126,239,2024-11-23 09:49:31,homepage
690,126,81,2025-01-15 06:43:31,recommendations
691,126,308,2025-03-01 11:03:31,external_ad
692,126,33,2025-03-16 08:16:31,recommendations
693,126,423,2024-11-26 02:59:31,external_ad
694,126,188,2025-01-07 14:19:31,recommendations
695,126,379,2025-02-07 19:06:31,recommendations
696,127,270,2025-03-25 05:29:31,homepage
697,127,221,2025-01-23 10:25:31,external_ad
698,127,40,2025-02-28 00:02:31,external_ad
699,127,103,2025-01-09 01:28:31,recommendations
700,128,84,2025-03-16 21:18:31,search
701,128,95,2025-02-17 06:51:31,recommendations
702,129,361,2025-01-08 16:08:31,external_ad
703,129,1,2024-12-31 19:13:31,external_ad
704,130,118,2025-01-20 15:28:31,search
705,130,196,2025-02-08 01:24:31,recommendations
706,130,205,2025-02-01 22:29:31,recommendations
707,130,90,2024-12-11 17:33:31,homepage
708,131,208,2024-11-25 06:15:31,external_ad
709,131,23,2024-12-01 19:59:31,search
710,131,349,2024-10-28 15:37:31,external_ad
711,131,96,2025-03-23 07:10:31,homepage
712,132,79,2025-02-20 01:52:31,external_ad
713,132,208,2024-11-23 16:25:31,external_ad
714,132,407,2025-03-16 20:46:31,recommendations
715,132,279,2025-03-22 12:27:31,homepage
716,132,119,2024-12-12 23:10:31,homepage
717,133,436,2025-01-05 15:33:31,homepage
718,133,400,2024-11-09 15:20:31,recommendations
719,134,350,2025-04-10 11:18:31,recommendations
720,134,180,2025-01-12 23:31:31,recommendations
721,135,375,2025-01-08 23:33:31,external_ad
722,135,131,2024-11-03 20:44:31,homepage
723,135,25,2024-12-05 15:07:31,recommendations
724,135,280,2025-04-03 18:53:31,recommendations
725,136,379,2025-01-14 18:47:31,homepage
726,136,387,2024-11-20 00:06:31,recommendations
727,136,336,2024-11-15 03:58:31,homepage
728,136,342,2025-01-31 08:02:31,external_ad
729,136,338,2025-03-01 11:23:31,recommendations
730,136,383,2024-11-10 17:02:31,external_ad
731,137,326,2024-11-28 07:29:31,homepage
732,137,260,2025-01-22 06:05:31,recommendations
733,137,266,2025-02-27 12:23:31,recommendations
734,137,294,2025-02-25 16:16:31,homepage
735,138,156,2024-12-02 18:43:31,recommendations
736,138,143,2025-02-04 09:10:31,external_ad
737,138,187,2024-10-22 13:18:31,recommendations
738,138,168,2025-02-06 09:21:31,external_ad
739,138,162,2024-12-16 18:31:31,search
740,139,354,2025-01-21 02:04:31,search
741,139,288,2024-10-31 19:13:31,recommendations
742,139,284,2025-01-22 13:28:31,external_ad
743,140,399,2024-10-30 06:35:31,recommendations
744,140,422,2025-01-01 23:51:31,recommendations
745,140,426,2024-10-28 04:55:31,homepage
746,140,412,2024-12-18 19:23:31,external_ad
747,140,432,2025-03-31 05:16:31,recommendations
748,140,434,2024-11-21 03:12:31,homepage
749,141,32,2025-03-23 08:33:31,recommendations
750,141,292,2024-12-04 15:14:31,homepage
751,141,267,2025-02-28 19:58:31,recommendations
752,141,68,2025-01-29 06:42:31,external_ad
753,141,164,2025-03-29 23:23:31,external_ad
754,141,303,2024-11-30 09:16:31,search
755,141,308,2025-04-03 15:31:31,recommendations
756,141,27,2025-02-14 06:26:31,recommendations
757,142,97,2025-01-13 03:16:31,external_ad
758,142,144,2024-10-25 08:25:31,recommendations
759,142,289,2025-04-01 02:45:31,search
760,142,176,2025-04-01 01:06:31,recommendations
761,142,26,2025-03-21 00:52:31,external_ad
762,142,433,2024-10-28 01:48:31,homepage
763,142,177,2025-03-14 06:11:31,search
764,142,226,2025-02-07 18:08:31,homepage
765,143,317,2024-12-22 01:07:31,homepage
766,143,329,2024-12-17 03:38:31,external_ad
767,143,162,2024-12-05 15:45:31,homepage
768,143,236,2024-11-05 16:27:31,recommendations
769,143,118,2025-03-23 01:03:31,recommendations
770,143,197,2024-10-20 17:25:31,search
771,143,27,2024-11-03 04:52:31,recommendations
772,143,179,2025-02-22 07:54:31,homepage
773,144,293,2025-03-24 19:42:31,search
774,144,312,2024-11-23 11:57:31,search
775,144,303,2025-03-18 11:23:31,recommendations
776,144,161,2024-11-07 10:58:31,homepage
777,145,143,2025-04-02 05:00:31,external_ad
778,145,367,2024-12-15 22:40:31,recommendations
779,145,330,2025-02-23 22:52:31,recommendations
780,145,354,2025-03-03 17:12:31,recommendations
781,145,230,2024-12-13 09:21:31,recommendations
782,146,112,2025-03-18 17:17:31,recommendations
783,146,423,2024-11-04 16:00:31,homepage
784,146,395,2024-12-22 16:09:31,recommendations
785,146,353,2025-03-28 08:23:31,recommendations
786,147,387,2025-03-12 02:37:31,external_ad
787,147,383,2025-02-14 11:45:31,homepage
788,147,390,2025-03-07 21:49:31,recommendations
789,147,346,2025-03-26 18:48:31,recommendations
790,148,176,2025-03-28 08:47:31,search
791,148,119,2024-12-28 11:34:31,external_ad
792,148,163,2024-12-22 23:19:31,recommendations
793,148,31,2024-12-16 17:42:31,external_ad
794,148,188,2025-03-15 12:03:31,search
795,149,387,2024-11-26 18:50:31,recommendations
796,149,236,2024-10-22 05:02:31,external_ad
797,149,428,2025-02-04 12:42:31,recommendations
798,149,193,2024-11-10 08:42:31,homepage
799,149,352,2025-01-26 21:54:31,recommendations
800,149,434,2024-12-02 05:02:31,recommendations
801,149,1,2025-03-25 07:05:31,recommendations
802,150,97,2024-11-07 14:48:31,homepage
803,150,211,2024-10-17 21:25:31,homepage
804,150,34,2025-03-01 05:33:31,homepage
805,150,368,2025-01-17 22:04:31,external_ad
806,150,20,2024-10-29 05:04:31,recommendations
807,150,331,2025-01-15 00:49:31,homepage
808,150,71,2025-01-22 16:36:31,external_ad
809,150,410,2024-11-16 14:51:31,external_ad
810,150,365,2025-03-17 20:33:31,recommendations
811,151,35,2025-01-22 16:30:31,homepage
812,151,97,2025-03-10 19:49:31,recommendations
813,151,176,2024-11-19 17:45:31,external_ad
814,151,237,2025-02-27 14:58:31,recommendations
815,151,159,2024-10-16 19:40:31,recommendations
816,151,356,2025-02-05 04:14:31,recommendations
817,151,158,2025-02-28 13:57:31,external_ad
818,151,309,2024-12-02 18:41:31,recommendations
819,151,429,2025-01-25 15:45:31,homepage
820,152,351,2025-03-31 07:54:31,homepage
821,152,213,2025-02-21 21:40:31,homepage
822,152,219,2025-03-30 13:03:31,recommendations
823,153,354,2025-03-23 16:28:31,homepage
824,153,255,2025-01-06 08:29:31,recommendations
825,153,259,2024-12-12 13:10:31,recommendations
826,153,259,2024-12-26 21:13:31,external_ad
827,153,435,2024-12-14 21:36:31,recommendations
828,153,366,2024-10-29 03:15:31,homepage
829,153,7,2024-11-25 21:30:31,recommendations
830,153,435,2025-01-10 18:29:31,homepage
831,153,414,2024-10-17 01:05:31,external_ad
832,154,264,2025-01-11 13:24:31,search
833,154,327,2024-12-22 05:17:31,external_ad
834,154,293,2025-02-26 14:32:31,homepage
835,154,270,2025-02-12 19:22:31,homepage
836,154,243,2024-11-22 10:37:31,homepage
837,154,280,2025-01-18 19:48:31,homepage
838,155,403,2025-01-31 13:06:31,external_ad
839,155,437,2024-12-06 19:09:31,external_ad
840,155,404,2025-04-05 22:10:31,homepage
841,155,419,2024-11-14 07:58:31,search
842,155,407,2024-12-25 11:14:31,external_ad
843,155,417,2024-10-19 10:58:31,recommendations
844,155,412,2025-01-01 22:27:31,recommendations
845,155,424,2025-01-23 22:42:31,external_ad
846,156,330,2025-02-06 14:30:31,recommendations
847,156,235,2025-01-24 06:48:31,search
848,156,195,2024-11-09 05:00:31,recommendations
849,157,201,2024-11-13 22:09:31,recommendations
850,157,145,2025-02-02 12:15:31,recommendations
851,157,206,2024-10-16 23:05:31,homepage
852,157,171,2025-03-28 06:30:31,recommendations
853,158,148,2025-02-13 12:51:31,search
854,158,154,2025-02-10 16:54:31,search
855,158,5,2025-02-10 12:31:31,external_ad
856,158,64,2025-02-18 11:27:31,homepage
857,158,332,2025-01-03 07:37:31,external_ad
858,158,247,2025-01-29 18:29:31,recommendations
859,159,113,2025-03-22 22:48:31,external_ad
860,159,213,2024-11-09 09:30:31,homepage
861,159,33,2024-11-09 00:03:31,homepage
862,159,317,2025-02-04 19:11:31,recommendations
863,159,134,2024-10-25 01:46:31,homepage
864,159,27,2024-11-03 15:05:31,homepage
865,159,225,2025-03-05 16:41:31,external_ad
866,160,396,2025-03-31 11:10:31,homepage
867,160,235,2025-01-03 05:23:31,search
868,160,78,2025-03-02 07:04:31,search
869,160,369,2025-01-21 12:15:31,recommendations
870,160,51,2024-11-19 04:02:31,recommendations
871,160,419,2024-11-13 22:27:31,search
872,161,261,2024-10-21 16:00:31,search
873,161,277,2024-11-22 22:06:31,recommendations
874,161,258,2025-02-01 06:31:31,external_ad
875,161,151,2024-12-19 08:02:31,search
876,161,396,2025-04-11 01:15:31,homepage
877,161,162,2025-03-23 21:20:31,homepage
878,161,149,2025-03-22 06:32:31,homepage
879,161,422,2025-02-17 01:31:31,homepage
880,162,71,2025-01-27 20:27:31,recommendations
881,162,99,2024-12-07 15:45:31,recommendations
882,162,391,2024-12-12 20:07:31,search
883,162,1,2024-10-16 14:43:31,external_ad
884,162,381,2025-04-06 16:53:31,recommendations
885,163,365,2025-02-05 16:46:31,homepage
886,163,335,2024-10-27 11:06:31,recommendations
887,163,391,2025-02-06 19:17:31,search
888,163,366,2025-02-22 12:20:31,external_ad
889,163,353,2025-01-13 06:33:31,search
890,163,336,2025-01-23 15:44:31,homepage
891,164,89,2025-03-29 18:06:31,homepage
892,164,107,2024-11-30 10:01:31,recommendations
893,164,134,2024-11-28 17:09:31,homepage
894,164,123,2024-11-17 19:49:31,recommendations
895,164,168,2024-11-27 09:37:31,recommendations
896,165,57,2024-11-16 05:23:31,external_ad
897,165,354,2025-03-26 23:08:31,recommendations
898,165,204,2025-03-18 23:29:31,recommendations
899,165,156,2025-03-23 19:48:31,homepage
900,166,297,2025-03-21 21:30:31,homepage
901,166,243,2025-01-30 21:44:31,homepage
902,166,11,2025-01-09 22:07:31,homepage
903,166,114,2024-10-17 03:22:31,external_ad
904,167,375,2024-11-14 01:51:31,external_ad
905,167,376,2024-12-10 21:07:31,homepage
906,167,349,2025-04-01 18:43:31,homepage
907,167,345,2024-11-08 00:13:31,recommendations
908,167,368,2024-10-26 18:24:31,search
909,167,341,2025-01-08 00:59:31,recommendations
910,168,77,2024-10-25 07:25:31,recommendations
911,168,437,2025-03-31 17:00:31,search
912,168,30,2024-12-29 12:43:31,recommendations
913,168,11,2025-02-01 16:27:31,recommendations
914,168,16,2024-12-07 11:34:31,external_ad
915,168,290,2024-11-15 13:54:31,recommendations
916,168,49,2024-10-24 19:20:31,homepage
917,168,434,2025-02-15 09:27:31,recommendations
918,169,374,2025-03-26 13:03:31,recommendations
919,169,61,2025-01-25 13:19:31,recommendations
920,170,187,2025-03-14 01:01:31,external_ad
921,170,143,2025-02-15 06:30:31,recommendations
922,170,404,2025-01-18 11:54:31,search
923,170,388,2024-11-21 01:18:31,recommendations
924,171,73,2025-01-16 04:41:31,recommendations
925,171,368,2025-01-12 00:08:31,external_ad
926,171,416,2025-01-18 21:41:31,homepage
927,171,64,2025-02-23 06:28:31,homepage
928,171,106,2024-11-25 03:46:31,recommendations
929,171,118,2025-02-26 22:34:31,homepage
930,171,149,2024-11-03 01:55:31,recommendations
931,171,37,2024-12-04 03:46:31,homepage
932,171,45,2025-02-05 12:49:31,external_ad
933,172,253,2024-11-26 09:55:31,homepage
934,172,228,2024-11-07 10:22:31,recommendations
935,172,380,2025-04-01 14:36:31,homepage
936,172,309,2025-03-05 09:07:31,homepage
937,172,118,2025-03-18 08:48:31,search
938,172,369,2025-01-02 08:06:31,recommendations
939,173,48,2025-01-13 16:01:31,recommendations
940,173,379,2025-02-25 14:17:31,recommendations
941,173,103,2025-02-04 23:27:31,search
942,173,171,2025-02-03 01:07:31,recommendations
943,174,268,2025-04-03 15:43:31,recommendations
944,174,309,2024-12-12 17:42:31,recommendations
945,174,226,2025-04-03 00:01:31,recommendations
946,174,429,2024-11-21 20:20:31,homepage
947,174,376,2024-10-30 00:32:31,recommendations
948,174,15,2024-12-28 10:51:31,homepage
949,174,91,2025-03-07 01:24:31,recommendations
950,174,128,2025-03-10 03:49:31,homepage
951,175,244,2025-01-23 09:06:31,external_ad
952,175,60,2025-02-01 20:41:31,recommendations
953,175,398,2025-01-05 16:23:31,external_ad
954,175,429,2024-11-17 00:13:31,homepage
955,175,162,2025-04-03 01:11:31,search
956,175,80,2025-01-11 13:30:31,homepage
957,175,197,2025-04-09 22:39:31,recommendations
958,175,183,2025-02-16 23:13:31,recommendations
959,175,267,2025-03-06 18:17:31,homepage
960,176,156,2024-10-21 20:05:31,recommendations
961,176,45,2024-12-31 21:28:31,search
962,176,63,2024-12-03 22:50:31,recommendations
963,176,58,2024-11-29 22:40:31,recommendations
964,176,416,2024-10-19 03:00:31,recommendations
965,177,260,2024-11-10 02:04:31,recommendations
966,177,80,2025-01-10 06:47:31,homepage
967,177,212,2025-01-22 06:55:31,homepage
968,177,311,2024-11-01 12:13:31,homepage
969,177,33,2025-03-15 13:53:31,recommendations
970,178,27,2024-12-17 05:59:31,search
971,178,307,2025-01-24 02:07:31,homepage
972,178,150,2025-01-27 15:28:31,recommendations
973,179,26,2024-10-21 08:44:31,recommendations
974,179,251,2025-04-05 03:23:31,search
975,179,365,2025-01-01 23:51:31,recommendations
976,179,45,2025-03-30 07:37:31,recommendations
977,180,26,2024-12-02 01:55:31,external_ad
978,180,318,2024-12-25 14:39:31,homepage
979,180,65,2025-04-05 03:58:31,external_ad
980,180,158,2025-02-28 03:52:31,search
981,180,145,2024-11-06 09:28:31,external_ad
982,180,333,2025-01-08 22:20:31,external_ad
983,180,14,2025-01-15 05:33:31,recommendations
984,181,38,2024-12-23 14:08:31,recommendations
985,181,210,2025-04-05 21:07:31,external_ad
986,182,160,2025-01-28 10:12:31,recommendations
987,182,248,2024-11-04 20:33:31,recommendations
988,182,288,2025-02-19 02:04:31,homepage
989,182,57,2025-04-01 11:42:31,recommendations
990,182,127,2025-01-08 10:36:31,external_ad
991,182,424,2024-12-20 05:38:31,external_ad
992,182,73,2025-03-23 19:23:31,external_ad
993,183,394,2024-11-27 22:57:31,external_ad
994,183,112,2024-10-22 22:34:31,external_ad
995,183,102,2024-11-05 10:49:31,homepage
996,183,115,2025-02-24 03:19:31,recommendations
997,184,48,2024-11-27 01:01:31,recommendations
998,184,59,2024-11-06 14:20:31,homepage
999,184,101,2025-02-28 11:19:31,recommendations
1000,184,403,2025-02-16 12:07:31,search
1001,184,168,2025-02-06 14:16:31,homepage
1002,184,413,2025-04-10 17:28:31,recommendations
1003,184,314,2025-02-07 05:26:31,homepage
1004,184,264,2024-10-17 04:37:31,homepage
1005,185,181,2024-10-28 09:56:31,recommendations
1006,185,194,2024-12-21 12:42:31,search
1007,185,166,2024-12-26 05:34:31,homepage
1008,185,187,2025-02-11 15:06:31,search
1009,185,3,2025-02-02 01:42:31,external_ad
1010,185,249,2025-01-05 16:29:31,homepage
1011,185,69,2025-02-26 03:40:31,external_ad
1012,185,232,2025-02-04 00:13:31,external_ad
1013,186,387,2024-10-28 23:41:31,recommendations
1014,186,372,2025-01-16 16:17:31,recommendations
1015,186,355,2024-12-18 09:51:31,search
1016,186,377,2025-02-19 04:34:31,search
1017,187,149,2025-01-31 19:51:31,homepage
1018,187,189,2024-11-11 15:48:31,external_ad
1019,187,154,2024-11-05 09:45:31,homepage
1020,187,180,2024-12-22 16:32:31,external_ad
1021,187,111,2024-11-17 04:37:31,homepage
1022,188,146,2025-02-25 13:06:31,search
1023,188,96,2024-12-08 09:54:31,recommendations
1024,188,14,2024-10-19 18:20:31,homepage
1025,188,247,2024-11-19 07:39:31,search
1026,188,55,2024-11-05 21:27:31,homepage
1027,188,309,2025-01-22 22:28:31,homepage
1028,188,89,2024-12-24 01:59:31,homepage
1029,188,296,2025-02-17 10:28:31,homepage
1030,189,69,2025-02-24 23:48:31,recommendations
1031,189,138,2024-11-19 14:46:31,recommendations
1032,190,285,2024-11-10 03:30:31,homepage
1033,190,319,2025-03-09 17:49:31,external_ad
1034,190,100,2024-12-22 05:16:31,recommendations
1035,190,392,2024-12-09 11:46:31,recommendations
1036,190,209,2025-02-04 19:27:31,external_ad
1037,190,156,2024-11-04 02:26:31,recommendations
1038,191,173,2025-03-19 03:42:31,recommendations
1039,191,9,2025-03-14 12:27:31,search
1040,191,212,2024-10-19 11:38:31,recommendations
1041,191,263,2025-01-25 10:03:31,recommendations
1042,192,40,2024-12-10 09:51:31,external_ad
1043,192,168,2024-11-21 00:30:31,search
1044,192,36,2025-03-25 00:06:31,recommendations
1045,192,219,2025-02-17 01:17:31,external_ad
1046,193,203,2025-03-30 06:06:31,recommendations
1047,193,433,2024-12-10 13:20:31,homepage
1048,193,134,2025-04-11 04:51:31,search
1049,193,179,2025-02-02 01:20:31,external_ad
1050,193,109,2024-10-26 15:59:31,homepage
1051,193,295,2024-11-14 09:46:31,recommendations
1052,193,71,2025-03-31 10:15:31,recommendations
1053,193,129,2025-02-26 16:35:31,recommendations
1054,194,201,2024-10-30 10:31:31,recommendations
1055,194,164,2025-01-08 08:18:31,recommendations
1056,194,226,2025-03-30 16:52:31,recommendations
1057,194,216,2024-12-10 04:28:31,homepage
1058,194,338,2024-12-03 10:29:31,recommendations
1059,194,370,2024-11-30 18:16:31,homepage
1060,194,104,2025-02-09 20:26:31,recommendations
1061,194,336,2025-03-14 17:10:31,search
1062,194,382,2025-01-20 21:02:31,homepage
1063,195,28,2024-12-29 04:42:31,recommendations
1064,195,60,2024-11-13 17:10:31,recommendations
1065,195,148,2025-02-17 06:42:31,external_ad
1066,195,304,2024-10-22 22:48:31,recommendations
1067,195,397,2025-02-16 08:29:31,homepage
1068,195,296,2025-04-06 15:16:31,homepage
1069,195,7,2025-02-12 16:22:31,homepage
1070,195,66,2025-03-01 05:44:31,homepage
1071,196,296,2025-03-19 01:29:31,external_ad
1072,196,166,2025-02-07 15:31:31,external_ad
1073,196,111,2025-01-01 14:48:31,recommendations
1074,196,66,2024-10-27 16:37:31,recommendations
1075,196,118,2024-12-01 20:20:31,recommendations
1076,197,175,2025-01-28 19:50:31,recommendations
1077,197,374,2025-03-06 11:35:31,search
1078,197,112,2025-02-04 05:57:31,recommendations
1079,197,423,2025-02-20 01:58:31,recommendations
1080,198,118,2024-11-18 12:14:31,homepage
1081,198,436,2024-12-24 02:23:31,search
1082,199,17,2024-10-28 23:53:31,recommendations
1083,199,99,2025-02-22 00:17:31,homepage
1084,199,195,2025-01-06 11:34:31,recommendations
1085,199,263,2024-11-01 19:06:31,homepage
1086,200,156,2024-11-15 17:39:31,recommendations
1087,200,89,2025-03-19 17:22:31,homepage
1088,200,219,2024-12-14 02:06:31,external_ad
1089,200,316,2024-10-20 04:58:31,recommendations
1090,200,221,2024-10-22 17:29:31,recommendations
1091,200,155,2024-12-30 08:10:31,recommendations
1092,200,277,2025-03-09 17:25:31,homepage
1093,201,418,2024-11-22 10:04:31,recommendations
1094,201,75,2025-03-24 19:30:31,recommendations
1095,201,128,2024-11-16 15:49:31,homepage
1096,201,400,2024-11-21 17:34:31,external_ad
1097,201,336,2024-12-21 04:28:31,homepage
1098,201,263,2025-03-28 20:34:31,search
1099,201,47,2024-12-25 05:58:31,search
1100,202,107,2024-10-24 00:12:31,search
1101,202,425,2024-12-14 14:27:31,recommendations
1102,202,199,2025-02-19 20:08:31,homepage
1103,203,437,2024-10-24 14:11:31,recommendations
1104,203,100,2025-03-30 14:25:31,external_ad
1105,203,403,2025-01-10 04:13:31,recommendations
1106,204,308,2025-04-12 20:35:31,recommendations
1107,204,234,2024-12-17 15:46:31,homepage
1108,204,195,2024-10-30 12:26:31,recommendations
1109,204,219,2025-03-27 17:22:31,recommendations
1110,204,220,2025-01-23 19:58:31,homepage
1111,204,169,2025-01-06 18:58:31,recommendations
1112,205,327,2025-01-08 02:26:31,homepage
1113,205,303,2025-03-01 08:13:31,search
1114,205,256,2025-02-02 22:19:31,external_ad
1115,206,397,2025-03-16 16:53:31,homepage
1116,206,428,2025-02-20 14:25:31,homepage
1117,206,431,2025-01-23 18:07:31,recommendations
1118,207,16,2025-03-19 12:08:31,external_ad
1119,207,265,2025-04-07 17:47:31,recommendations
1120,207,178,2025-03-25 06:56:31,homepage
1121,207,247,2025-01-15 12:58:31,external_ad
1122,207,315,2025-01-15 06:00:31,homepage
1123,207,278,2024-10-27 17:59:31,recommendations
1124,207,317,2024-11-02 13:14:31,recommendations
1125,207,325,2024-12-28 14:07:31,recommendations
1126,208,161,2024-12-19 09:07:31,external_ad
1127,208,157,2024-10-21 19:28:31,search
1128,208,107,2025-02-20 17:19:31,external_ad
1129,208,156,2024-11-02 15:51:31,external_ad
1130,208,173,2024-11-27 19:52:31,recommendations
1131,208,130,2024-12-16 14:42:31,homepage
1132,209,88,2024-10-23 08:27:31,recommendations
1133,209,285,2024-10-29 22:13:31,recommendations
1134,209,178,2024-11-12 00:17:31,homepage
1135,209,20,2024-12-29 07:05:31,external_ad
1136,209,407,2025-02-15 06:30:31,recommendations
1137,209,274,2024-10-18 23:20:31,recommendations
1138,210,223,2025-03-17 00:26:31,recommendations
1139,210,33,2025-01-09 11:56:31,recommendations
1140,210,248,2025-03-29 03:03:31,homepage
1141,211,255,2024-12-29 15:47:31,recommendations
1142,211,332,2025-01-06 02:53:31,recommendations
1143,211,127,2025-04-02 02:07:31,search
1144,211,269,2024-10-17 07:45:31,recommendations
1145,211,204,2024-10-21 10:38:31,external_ad
1146,211,158,2024-12-22 17:01:31,homepage
1147,211,9,2024-12-09 09:36:31,recommendations
1148,212,15,2024-10-20 12:29:31,external_ad
1149,212,17,2024-11-14 08:28:31,external_ad
1150,212,38,2024-11-29 14:32:31,recommendations
1151,212,281,2024-11-27 20:26:31,homepage
1152,212,73,2024-11-18 08:13:31,external_ad
1153,212,125,2025-01-24 04:38:31,recommendations
1154,212,258,2025-02-10 02:43:31,recommendations
1155,213,197,2025-01-24 10:16:31,search
1156,213,331,2024-12-25 17:11:31,external_ad
1157,213,91,2025-01-30 07:42:31,external_ad
1158,213,222,2024-12-15 18:50:31,external_ad
1159,214,341,2025-01-15 05:09:31,recommendations
1160,214,371,2024-12-09 14:34:31,homepage
1161,214,389,2025-01-31 15:52:31,external_ad
1162,214,379,2025-03-24 06:46:31,recommendations
1163,214,345,2024-11-17 07:01:31,homepage
1164,214,370,2025-02-10 21:09:31,homepage
1165,214,341,2025-01-10 11:28:31,homepage
1166,214,372,2025-02-13 21:02:31,recommendations
1167,214,347,2024-11-28 08:19:31,external_ad
1168,215,205,2025-04-06 01:19:31,recommendations
1169,215,201,2025-01-13 23:02:31,search
1170,215,115,2024-11-20 18:36:31,external_ad
1171,215,155,2024-11-28 23:42:31,search
1172,215,157,2024-10-17 10:13:31,recommendations
1173,215,202,2024-11-26 13:13:31,homepage
1174,216,291,2025-03-16 20:07:31,recommendations
1175,216,158,2025-02-28 11:36:31,homepage
1176,216,21,2024-12-29 13:19:31,search
1177,216,26,2025-02-06 09:47:31,homepage
1178,216,322,2025-03-26 04:20:31,recommendations
1179,216,88,2025-04-01 05:23:31,recommendations
1180,216,231,2024-11-12 18:23:31,homepage
1181,217,218,2025-03-07 21:34:31,external_ad
1182,217,225,2025-03-03 07:56:31,homepage
1183,217,161,2024-12-15 03:17:31,recommendations
1184,218,366,2025-02-07 11:20:31,recommendations
1185,218,391,2025-04-09 17:07:31,recommendations
1186,218,387,2024-12-01 14:32:31,homepage
1187,218,339,2025-02-15 01:45:31,recommendations
1188,218,367,2024-11-01 03:05:31,search
1189,218,335,2025-02-28 11:56:31,external_ad
1190,218,342,2024-12-13 19:07:31,external_ad
1191,219,375,2025-01-24 03:29:31,recommendations
1192,219,1,2024-12-29 17:35:31,homepage
1193,219,412,2025-02-21 18:38:31,external_ad
1194,219,26,2025-04-08 00:32:31,recommendations
1195,219,206,2024-10-27 21:16:31,external_ad
1196,219,332,2024-12-10 18:12:31,recommendations
1197,220,319,2025-04-10 16:12:31,recommendations
1198,220,386,2025-02-17 16:54:32,recommendations
1199,220,129,2025-03-17 07:00:32,recommendations
1200,220,387,2024-12-10 16:53:32,search
1201,220,141,2024-12-20 21:21:32,external_ad
1202,221,209,2025-01-09 19:22:32,recommendations
1203,221,276,2025-03-07 11:50:32,recommendations
1204,221,419,2024-11-15 13:15:32,search
1205,221,57,2025-02-20 16:55:32,homepage
1206,221,150,2024-12-08 20:57:32,recommendations
1207,222,379,2024-10-20 14:07:32,external_ad
1208,222,162,2025-02-11 01:20:32,homepage
1209,222,398,2025-02-13 08:00:32,external_ad
1210,222,64,2024-11-09 05:12:32,recommendations
1211,223,353,2024-12-23 08:18:32,recommendations
1212,223,244,2024-11-23 18:19:32,homepage
1213,223,117,2025-01-23 07:00:32,external_ad
1214,223,394,2025-03-02 10:25:32,recommendations
1215,223,82,2024-12-31 05:17:32,homepage
1216,224,175,2024-10-26 23:19:32,recommendations
1217,224,366,2024-12-09 09:42:32,homepage
1218,224,108,2025-01-10 02:27:32,external_ad
1219,224,336,2024-10-24 04:14:32,homepage
1220,224,177,2025-02-11 20:40:32,homepage
1221,224,389,2025-04-07 21:30:32,external_ad
1222,224,179,2024-12-25 06:51:32,recommendations
1223,224,246,2024-10-28 18:28:32,recommendations
1224,225,57,2024-12-15 11:22:32,recommendations
1225,225,346,2025-01-18 07:57:32,recommendations
1226,226,420,2024-10-18 09:57:32,external_ad
1227,226,269,2025-03-13 19:45:32,recommendations
1228,226,365,2025-02-28 06:41:32,recommendations
1229,227,142,2024-12-06 11:31:32,search
1230,227,265,2025-01-27 11:30:32,external_ad
1231,227,288,2025-02-13 22:09:32,external_ad
1232,227,87,2025-02-01 09:45:32,recommendations
1233,227,42,2024-12-03 18:43:32,homepage
1234,227,386,2025-04-03 02:06:32,external_ad
1235,227,221,2024-10-19 10:11:32,recommendations
1236,228,122,2025-03-05 02:11:32,recommendations
1237,228,15,2024-11-16 11:47:32,recommendations
1238,229,151,2025-02-10 08:06:32,recommendations
1239,229,213,2025-03-21 01:12:32,recommendations
1240,229,245,2024-11-04 07:43:32,external_ad
1241,229,248,2025-02-11 05:18:32,recommendations
1242,229,157,2024-10-31 04:46:32,homepage
1243,229,96,2024-12-05 04:45:32,external_ad
1244,229,170,2024-11-09 07:06:32,recommendations
1245,229,246,2025-01-14 12:36:32,homepage
1246,230,185,2024-11-06 07:32:32,recommendations
1247,230,184,2025-02-05 10:14:32,recommendations
1248,231,327,2025-02-07 23:06:32,external_ad
1249,231,427,2025-01-08 22:56:32,external_ad
1250,231,265,2024-11-24 17:43:32,homepage
1251,232,306,2025-01-21 07:22:32,recommendations
1252,232,383,2025-02-12 10:36:32,recommendations
1253,232,220,2025-03-23 14:10:32,search
1254,232,380,2025-03-17 12:59:32,external_ad
1255,232,230,2024-12-24 00:36:32,recommendations
1256,232,156,2025-01-10 03:41:32,external_ad
1257,232,5,2024-12-18 19:54:32,external_ad
1258,232,77,2024-12-07 15:31:32,recommendations
1259,232,254,2025-03-03 18:51:32,external_ad
1260,233,240,2025-03-07 02:20:32,external_ad
1261,233,269,2024-12-31 18:19:32,recommendations
1262,233,357,2024-10-22 22:51:32,recommendations
1263,233,24,2025-04-06 11:55:32,homepage
1264,233,70,2025-04-05 21:38:32,external_ad
1265,233,280,2025-02-03 18:24:32,homepage
1266,234,88,2024-11-24 22:41:32,external_ad
1267,234,323,2025-02-26 18:20:32,external_ad
1268,234,385,2024-11-25 16:30:32,search
1269,234,395,2024-12-10 15:48:32,recommendations
1270,234,290,2025-03-24 23:08:32,recommendations
1271,234,422,2025-01-07 06:52:32,homepage
1272,234,106,2024-12-03 23:41:32,external_ad
1273,235,47,2024-11-03 17:32:32,search
1274,235,294,2024-12-16 00:21:32,homepage
1275,236,367,2025-02-12 04:21:32,recommendations
1276,236,387,2025-02-16 22:31:32,recommendations
1277,236,182,2025-01-24 16:59:32,external_ad
1278,236,381,2024-12-29 08:59:32,homepage
1279,236,135,2024-10-28 02:40:32,recommendations
1280,236,257,2024-10-17 07:28:32,recommendations
1281,236,220,2024-12-22 03:43:32,external_ad
1282,236,189,2025-03-20 14:04:32,homepage
1283,237,336,2024-10-16 21:03:32,homepage
1284,237,426,2024-11-19 07:03:32,search
1285,237,194,2024-12-11 11:09:32,recommendations
1286,237,199,2024-12-29 11:34:32,external_ad
1287,237,312,2025-02-28 13:36:32,homepage
1288,238,165,2025-04-02 06:23:32,external_ad
1289,238,106,2024-10-22 18:16:32,search
1290,238,189,2025-03-14 20:01:32,homepage
1291,238,185,2025-04-12 04:57:32,recommendations
1292,238,98,2025-04-08 19:09:32,recommendations
1293,239,422,2024-11-21 04:16:32,recommendations
1294,239,164,2024-11-29 07:22:32,homepage
1295,239,43,2024-12-23 07:53:32,external_ad
1296,239,380,2025-04-07 05:58:32,homepage
1297,240,36,2025-01-08 17:14:32,search
1298,240,323,2024-12-14 16:42:32,homepage
1299,240,279,2025-03-17 00:32:32,external_ad
1300,240,283,2024-10-27 18:46:32,recommendations
1301,240,115,2025-03-23 12:03:32,recommendations
1302,240,29,2025-03-24 23:56:32,external_ad
1303,240,22,2025-01-20 21:06:32,recommendations
1304,241,190,2025-01-17 19:01:32,recommendations
1305,241,155,2024-10-18 19:14:32,homepage
1306,242,68,2024-11-22 07:53:32,homepage
1307,242,126,2024-11-03 19:41:32,homepage
1308,242,29,2025-04-01 22:50:32,external_ad
1309,242,399,2024-11-18 16:43:32,homepage
1310,242,197,2025-02-23 10:12:32,homepage
1311,242,48,2025-02-05 03:04:32,external_ad
1312,243,188,2025-01-26 14:19:32,homepage
1313,243,10,2025-01-03 06:38:32,homepage
1314,244,324,2025-02-10 20:50:32,search
1315,244,248,2025-01-22 08:37:32,search
1316,244,295,2024-12-28 17:14:32,recommendations
1317,244,169,2025-02-08 02:13:32,homepage
1318,244,127,2025-02-15 06:40:32,recommendations
1319,244,313,2025-01-11 21:19:32,search
1320,245,55,2025-02-14 22:13:32,homepage
1321,245,243,2024-11-05 17:42:32,homepage
1322,245,279,2025-03-14 02:06:32,homepage
1323,246,383,2025-01-16 09:25:32,recommendations
1324,246,201,2025-02-13 14:57:32,homepage
1325,246,405,2025-02-14 04:19:32,external_ad
1326,246,332,2025-04-02 08:27:32,external_ad
1327,247,49,2025-01-05 03:30:32,external_ad
1328,247,64,2025-01-24 02:35:32,recommendations
1329,247,103,2024-10-31 06:45:32,homepage
1330,247,21,2024-10-16 13:41:32,external_ad
1331,247,269,2025-01-12 09:34:32,recommendations
1332,247,411,2025-03-19 00:43:32,recommendations
1333,247,96,2024-11-01 01:58:32,recommendations
1334,248,278,2025-03-03 19:39:32,homepage
1335,248,56,2024-11-25 14:21:32,homepage
1336,248,272,2024-11-18 13:38:32,homepage
1337,248,81,2025-02-20 09:52:32,recommendations
1338,248,238,2024-12-31 21:02:32,recommendations
1339,248,76,2025-01-03 21:32:32,external_ad
1340,248,122,2025-02-19 07:11:32,external_ad
1341,248,118,2024-12-15 02:41:32,homepage
1342,249,114,2024-12-19 16:24:32,recommendations
1343,249,174,2025-01-15 20:42:32,external_ad
1344,249,231,2025-02-25 08:35:32,homepage
1345,249,159,2025-03-02 18:46:32,search
1346,250,67,2024-11-21 19:35:32,homepage
1347,250,17,2025-02-12 20:23:32,homepage
1348,250,346,2024-10-25 12:40:32,recommendations
1349,250,232,2025-02-25 15:57:32,homepage
1350,250,267,2025-03-11 17:55:32,recommendations
1351,250,242,2024-11-15 18:57:32,external_ad
1352,250,62,2025-04-06 06:25:32,recommendations
1353,250,92,2025-03-03 19:51:32,homepage
1354,251,381,2024-10-28 18:27:32,external_ad
1355,251,347,2024-11-28 06:07:32,external_ad
1356,251,344,2024-11-07 05:09:32,recommendations
1357,252,289,2025-04-02 20:11:32,external_ad
1358,252,167,2024-10-25 19:21:32,recommendations
1359,252,162,2024-10-25 03:20:32,recommendations
1360,253,267,2025-01-11 22:34:32,homepage
1361,253,253,2025-02-17 22:57:32,recommendations
1362,253,394,2025-01-06 10:06:32,external_ad
1363,253,49,2025-03-26 18:36:32,external_ad
1364,253,322,2024-12-11 13:09:32,homepage
1365,253,155,2025-02-07 04:02:32,recommendations
1366,253,58,2024-11-08 11:19:32,homepage
1367,253,131,2025-03-19 21:44:32,homepage
1368,254,407,2025-03-05 07:21:32,external_ad
1369,254,3,2025-01-12 14:06:32,homepage
1370,254,199,2025-04-10 13:41:32,homepage
1371,254,353,2025-01-30 15:29:32,recommendations
1372,254,333,2024-10-26 11:25:32,recommendations
1373,254,352,2024-12-17 18:06:32,homepage
1374,255,54,2025-01-31 12:52:32,search
1375,255,415,2025-04-03 00:47:32,homepage
1376,255,285,2025-03-02 13:52:32,homepage
1377,255,315,2025-02-03 13:14:32,recommendations
1378,255,159,2024-12-03 17:43:32,homepage
1379,255,56,2024-12-15 03:27:32,recommendations
1380,256,377,2024-12-26 19:10:32,homepage
1381,256,57,2024-10-24 15:14:32,recommendations
1382,256,193,2024-11-24 20:23:32,recommendations
1383,256,71,2024-11-07 05:54:32,external_ad
1384,256,393,2025-03-18 00:22:32,homepage
1385,256,9,2025-01-21 07:40:32,homepage
1386,256,68,2025-03-18 12:47:32,external_ad
1387,256,123,2025-03-12 01:46:32,recommendations
1388,256,209,2024-11-02 00:13:32,recommendations
1389,257,235,2025-03-19 09:06:32,recommendations
1390,257,358,2024-12-18 13:55:32,recommendations
1391,258,213,2025-02-25 15:31:32,recommendations
1392,258,330,2025-01-24 20:13:32,search
1393,258,305,2024-10-27 20:04:32,recommendations
1394,258,310,2024-12-12 07:23:32,recommendations
1395,258,327,2025-01-11 03:24:32,recommendations
1396,258,244,2025-02-07 14:06:32,recommendations
1397,258,216,2025-02-25 06:12:32,recommendations
1398,258,299,2025-03-09 14:05:32,homepage
1399,258,294,2025-03-20 00:14:32,homepage
1400,258,334,2024-12-31 12:50:32,homepage
1401,259,421,2025-03-20 12:35:32,recommendations
1402,259,406,2025-03-29 22:10:32,recommendations
1403,259,421,2025-03-01 00:08:32,homepage
1404,259,420,2024-11-03 03:54:32,homepage
1405,259,419,2024-12-22 01:29:32,recommendations
1406,259,398,2024-12-02 00:10:32,homepage
1407,260,304,2025-04-08 16:44:32,homepage
1408,260,171,2025-03-27 14:43:32,recommendations
1409,260,325,2024-12-20 11:07:32,external_ad
1410,260,176,2024-11-05 14:57:32,homepage
1411,260,235,2024-10-25 18:33:32,recommendations
1412,260,82,2025-04-11 15:28:32,external_ad
1413,261,144,2025-03-19 08:33:32,recommendations
1414,261,171,2025-03-17 22:03:32,homepage
1415,261,164,2025-01-12 06:13:32,recommendations
1416,261,105,2024-11-01 00:16:32,external_ad
1417,261,106,2024-11-24 07:36:32,recommendations
1418,262,262,2024-12-29 11:16:32,external_ad
1419,262,25,2024-11-30 18:19:32,external_ad
1420,262,321,2025-01-06 22:02:32,recommendations
1421,262,396,2025-04-08 22:17:32,recommendations
1422,262,213,2025-02-17 19:31:32,external_ad
1423,262,83,2025-04-09 00:01:32,homepage
1424,262,387,2025-03-03 05:34:32,recommendations
1425,263,298,2025-01-29 00:17:32,search
1426,263,174,2024-10-17 08:47:32,homepage
1427,263,282,2024-10-27 13:37:32,external_ad
1428,264,216,2024-11-20 15:59:32,homepage
1429,264,280,2025-04-03 14:05:32,search
1430,264,414,2025-02-17 12:56:32,search
1431,264,380,2025-02-12 02:04:32,external_ad
1432,264,10,2025-01-09 02:44:32,search
1433,264,241,2024-11-13 01:20:32,search
1434,264,321,2024-12-04 08:04:32,recommendations
1435,264,415,2025-03-11 07:47:32,recommendations
1436,264,256,2024-10-28 12:06:32,external_ad
1437,264,362,2025-01-13 11:03:32,recommendations
1438,265,126,2024-12-26 07:16:32,external_ad
1439,265,378,2024-10-26 16:15:32,recommendations
1440,265,11,2025-02-01 11:26:32,recommendations
1441,265,64,2025-02-11 05:30:32,search
1442,265,233,2025-01-05 01:02:32,recommendations
1443,265,405,2025-02-28 10:20:32,external_ad
1444,265,81,2025-03-11 02:17:32,recommendations
1445,266,78,2025-02-03 09:28:32,homepage
1446,266,236,2024-11-13 19:11:32,homepage
1447,266,118,2024-12-25 15:20:32,recommendations
1448,266,194,2025-04-06 03:49:32,recommendations
1449,267,344,2025-02-02 07:13:32,external_ad
1450,267,385,2025-02-07 10:03:32,homepage
1451,267,377,2025-02-03 17:15:32,recommendations
1452,267,365,2025-01-05 08:00:32,search
1453,267,355,2025-03-04 15:50:32,external_ad
1454,267,372,2024-12-19 06:50:32,homepage
1455,268,193,2025-01-19 06:04:32,recommendations
1456,268,140,2024-11-18 05:30:32,recommendations
1457,268,210,2025-02-24 14:27:32,recommendations
1458,268,205,2024-12-16 04:55:32,homepage
1459,269,221,2025-01-17 16:27:32,homepage
1460,269,273,2025-03-01 22:07:32,external_ad
1461,269,340,2025-01-04 11:52:32,recommendations
1462,269,99,2025-01-20 08:00:32,search
1463,269,61,2025-03-13 05:32:32,external_ad
1464,269,395,2025-02-27 04:43:32,homepage
1465,270,130,2025-03-10 15:29:32,recommendations
1466,270,323,2025-03-05 12:05:32,external_ad
1467,271,76,2024-11-12 11:41:32,external_ad
1468,271,346,2025-04-01 21:41:32,external_ad
1469,271,283,2024-12-02 16:32:32,external_ad
1470,271,200,2024-10-26 15:40:32,recommendations
1471,271,271,2025-04-07 00:22:32,external_ad
1472,271,368,2025-01-11 12:02:32,homepage
1473,271,200,2025-03-29 10:28:32,recommendations
1474,271,38,2024-11-27 19:25:32,recommendations
1475,271,9,2025-01-02 07:28:32,external_ad
1476,272,207,2025-02-06 06:04:32,recommendations
1477,272,435,2025-02-12 11:09:32,homepage
1478,272,24,2025-02-22 16:10:32,search
1479,273,352,2025-01-13 15:45:32,recommendations
1480,273,28,2024-12-16 10:00:32,recommendations
1481,273,147,2024-12-29 18:16:32,recommendations
1482,273,116,2025-02-22 18:33:32,external_ad
1483,273,275,2025-03-27 01:39:32,homepage
1484,273,347,2025-03-30 00:00:32,recommendations
1485,273,381,2024-11-17 13:29:32,homepage
1486,273,359,2025-01-09 15:55:32,recommendations
1487,274,344,2025-03-08 18:18:32,recommendations
1488,274,244,2025-02-03 07:38:32,search
1489,274,93,2025-02-22 15:06:32,homepage
1490,274,48,2024-12-30 05:15:32,homepage
1491,274,112,2024-10-21 06:14:32,recommendations
1492,274,18,2024-12-27 16:26:32,search
1493,274,310,2025-02-24 21:59:32,recommendations
1494,274,370,2025-01-01 22:02:32,search
1495,275,211,2024-10-27 09:05:32,homepage
1496,275,231,2025-01-14 08:50:32,homepage
1497,275,263,2025-01-10 02:23:32,external_ad
1498,275,39,2025-03-28 01:16:32,recommendations
1499,275,207,2025-01-11 03:28:32,homepage
1500,275,381,2024-12-26 13:43:32,search
1501,275,318,2024-10-19 16:37:32,recommendations
1502,276,172,2024-11-30 00:01:32,search
1503,276,91,2025-03-16 04:28:32,recommendations
1504,276,385,2024-12-24 05:59:32,search
1505,276,419,2024-10-23 08:07:32,homepage
1506,277,141,2024-11-08 03:32:32,homepage
1507,277,392,2025-02-28 22:02:32,homepage
1508,277,225,2025-03-01 07:36:32,recommendations
1509,277,191,2025-03-21 12:40:32,external_ad
1510,277,183,2025-01-05 12:28:32,search
1511,277,432,2024-11-06 17:32:32,homepage
1512,278,36,2024-11-02 01:46:32,external_ad
1513,278,40,2024-11-07 05:27:32,recommendations
1514,278,106,2024-11-25 12:11:32,recommendations
1515,278,226,2024-10-18 23:02:32,recommendations
1516,278,427,2025-03-28 10:54:32,homepage
1517,279,212,2024-12-03 23:21:32,homepage
1518,279,241,2025-03-09 18:36:32,recommendations
1519,280,401,2024-12-20 11:20:32,external_ad
1520,280,409,2025-01-12 19:34:32,homepage
1521,280,419,2024-12-29 20:30:32,recommendations
1522,280,421,2025-01-29 20:01:32,recommendations
1523,280,426,2024-11-17 10:49:32,recommendations
1524,280,423,2025-02-13 15:10:32,search
1525,280,393,2025-02-13 04:58:32,homepage
1526,280,393,2025-02-03 09:18:32,recommendations
1527,281,238,2025-01-08 05:50:32,homepage
1528,281,208,2025-03-14 12:38:32,external_ad
1529,281,48,2024-12-21 18:11:32,recommendations
1530,281,402,2024-12-12 00:54:32,homepage
1531,281,48,2025-04-07 04:27:32,search
1532,281,89,2025-02-19 01:50:32,search
1533,281,179,2024-12-08 16:00:32,recommendations
1534,282,163,2024-12-07 16:02:32,homepage
1535,282,192,2024-11-19 13:20:32,homepage
1536,282,181,2025-01-11 12:08:32,homepage
1537,282,88,2024-11-27 16:40:32,search
1538,282,129,2025-01-04 01:49:32,external_ad
1539,282,105,2025-03-20 10:15:32,recommendations
1540,282,137,2025-02-09 03:25:32,recommendations
1541,282,130,2025-01-09 01:42:32,homepage
1542,283,310,2024-11-02 05:56:32,homepage
1543,283,412,2024-12-12 15:08:32,recommendations
1544,283,222,2024-12-12 16:03:32,homepage
1545,283,401,2024-10-23 20:50:32,homepage
1546,283,168,2024-11-30 12:32:32,recommendations
1547,284,345,2025-03-02 17:39:32,homepage
1548,284,47,2024-11-27 03:31:32,homepage
1549,284,7,2025-02-24 13:41:32,homepage
1550,284,133,2025-03-21 05:00:32,search
1551,285,273,2025-01-07 21:57:32,recommendations
1552,285,23,2024-10-16 01:08:32,search
1553,286,240,2025-03-11 02:19:32,recommendations
1554,286,233,2025-04-07 19:11:32,recommendations
1555,286,289,2025-02-25 01:38:32,recommendations
1556,286,212,2024-12-07 08:55:32,recommendations
1557,286,237,2025-02-03 22:03:32,external_ad
1558,286,66,2024-12-13 02:46:32,external_ad
1559,286,166,2025-04-06 04:17:32,recommendations
1560,286,364,2024-11-29 23:35:32,homepage
1561,286,133,2024-12-06 00:26:32,homepage
1562,287,82,2025-02-18 09:05:32,homepage
1563,287,127,2025-02-09 10:15:32,recommendations
1564,288,380,2024-12-05 12:20:32,recommendations
1565,288,368,2025-01-29 10:37:32,external_ad
1566,288,360,2025-03-05 15:32:32,recommendations
1567,288,339,2024-12-19 16:44:32,recommendations
1568,288,371,2024-10-18 16:13:32,external_ad
1569,288,365,2024-12-26 09:05:32,recommendations
1570,288,367,2024-12-27 13:04:32,recommendations
1571,288,387,2024-11-21 18:39:32,search
1572,289,161,2025-02-17 22:36:32,external_ad
1573,289,162,2024-12-19 14:58:32,recommendations
1574,289,112,2025-03-18 18:20:32,homepage
1575,289,172,2024-12-07 01:53:32,external_ad
1576,289,179,2025-03-23 21:19:32,recommendations
1577,289,127,2024-11-28 11:33:32,external_ad
1578,289,210,2025-03-07 08:11:32,recommendations
1579,290,121,2025-04-05 08:16:32,homepage
1580,290,146,2025-02-05 21:21:32,recommendations
1581,290,337,2025-03-14 01:40:32,external_ad
1582,290,349,2024-11-30 21:20:32,recommendations
1583,290,78,2024-12-31 20:49:32,homepage
1584,290,206,2025-01-05 15:53:32,external_ad
1585,290,211,2025-02-04 15:19:32,homepage
1586,290,172,2025-04-11 23:56:32,homepage
1587,291,323,2025-02-03 20:15:32,homepage
1588,291,219,2025-03-16 08:59:32,external_ad
1589,291,394,2025-03-29 19:00:32,recommendations
1590,291,207,2024-12-27 21:18:32,search
1591,291,371,2025-03-11 12:27:32,recommendations
1592,292,381,2025-04-04 08:27:32,homepage
1593,292,386,2025-03-30 23:00:32,recommendations
1594,292,358,2025-01-03 16:43:32,homepage
1595,292,364,2024-11-18 18:42:32,external_ad
1596,292,368,2024-11-22 10:29:32,homepage
1597,292,351,2024-11-27 17:31:32,recommendations
1598,292,353,2025-03-10 19:58:32,homepage
1599,292,370,2025-02-15 12:39:32,external_ad
1600,293,108,2025-04-02 14:42:32,homepage
1601,293,230,2025-03-24 11:54:32,homepage
1602,293,89,2025-01-08 14:49:32,homepage
1603,293,38,2025-03-02 03:11:32,external_ad
1604,293,87,2025-02-12 12:42:32,recommendations
1605,293,352,2025-01-09 20:50:32,recommendations
1606,293,169,2024-12-12 23:04:32,recommendations
1607,293,212,2025-01-06 18:32:32,homepage
1608,294,5,2024-10-23 04:04:32,recommendations
1609,294,180,2025-03-05 21:59:32,external_ad
1610,294,436,2024-12-19 19:27:32,homepage
1611,294,339,2024-12-28 06:34:32,external_ad
1612,294,102,2025-03-29 23:18:32,recommendations
1613,294,437,2024-12-14 15:12:32,recommendations
1614,294,67,2024-11-06 10:37:32,search
1615,295,208,2024-11-05 17:51:32,homepage
1616,295,156,2025-02-08 06:31:32,external_ad
1617,295,80,2025-03-14 15:37:32,homepage
1618,295,216,2024-12-14 13:19:32,recommendations
1619,296,338,2025-01-22 21:08:32,search
1620,296,225,2025-02-03 12:54:32,homepage
1621,296,265,2024-11-26 20:45:32,search
1622,296,174,2025-02-12 18:54:32,search
1623,297,106,2025-03-23 06:54:32,homepage
1624,297,274,2025-04-07 17:13:32,search
1625,297,356,2025-01-18 02:00:32,homepage
1626,297,355,2024-12-13 00:37:32,homepage
1627,297,323,2024-11-22 12:07:32,external_ad
1628,297,387,2024-12-05 04:48:32,recommendations
1629,297,26,2025-03-09 09:51:32,external_ad
1630,297,361,2024-12-19 02:02:32,external_ad
1631,297,331,2024-12-13 20:05:32,recommendations
1632,298,307,2025-01-04 01:14:32,search
1633,298,109,2025-02-22 06:10:32,search
1634,298,152,2025-01-30 00:51:32,homepage
1635,298,96,2024-10-17 15:51:32,recommendations
1636,298,210,2024-11-19 05:30:32,external_ad
1637,298,195,2025-03-16 04:14:32,external_ad
1638,298,344,2024-11-06 18:29:32,homepage
1639,298,295,2025-02-17 06:48:32,recommendations
1640,298,236,2024-11-26 06:08:32,recommendations
1641,299,223,2025-03-23 12:27:32,recommendations
1642,299,261,2025-04-09 23:51:32,search
1643,299,399,2025-03-24 04:12:32,external_ad
1644,299,226,2024-11-28 08:29:32,recommendations
1645,299,208,2025-03-24 18:41:32,external_ad
1646,299,320,2025-03-12 02:54:32,homepage
1647,299,371,2024-11-18 12:46:32,homepage
1648,299,334,2024-12-10 07:53:32,search
1649,300,3,2025-02-06 06:41:32,external_ad
1650,300,378,2024-11-17 19:00:32,search
1651,300,286,2024-11-21 05:27:32,external_ad
